file,label,scope,eta_min,eta_max,pt_min,pt_max,n_events,mean_offset_GeV,std_offset_GeV,sem_offset_GeV
/eos/user/t/tchatzis/reco2pico/CMSSW_15_0_4/src/Reco2Pico/PicoProducer/python/workflows/test_pico_pfoffset.root,ChargedHadrons,eta,-3.0,-2.5,0.0,10.0,541,-0.027953798424479658,0.055310961933616946,0.002378003989906479
/eos/user/t/tchatzis/reco2pico/CMSSW_15_0_4/src/Reco2Pico/PicoProducer/python/workflows/test_pico_pfoffset.root,ChargedHadrons,eta,-2.5,-1.5,0.0,10.0,541,-0.13068333782305466,0.12237060600273529,0.005261123277353731
/eos/user/t/tchatzis/reco2pico/CMSSW_15_0_4/src/Reco2Pico/PicoProducer/python/workflows/test_pico_pfoffset.root,ChargedHadrons,eta,-1.5,0.0,0.0,10.0,541,-0.06122433734193113,0.09728482260564375,0.0041826012100678826
/eos/user/t/tchatzis/reco2pico/CMSSW_15_0_4/src/Reco2Pico/PicoProducer/python/workflows/test_pico_pfoffset.root,ChargedHadrons,eta,0.0,1.5,0.0,10.0,541,-0.06218019947111195,0.09320715979191724,0.004007288792754065
/eos/user/t/tchatzis/reco2pico/CMSSW_15_0_4/src/Reco2Pico/PicoProducer/python/workflows/test_pico_pfoffset.root,ChargedHadrons,eta,1.5,2.5,0.0,10.0,541,-0.12851779983342795,0.11480047850107963,0.004935658075272391
/eos/user/t/tchatzis/reco2pico/CMSSW_15_0_4/src/Reco2Pico/PicoProducer/python/workflows/test_pico_pfoffset.root,ChargedHadrons,eta,2.5,3.0,0.0,10.0,541,-0.04024170229524329,0.06803911906381262,0.00292523020658462
/eos/user/t/tchatzis/reco2pico/CMSSW_15_0_4/src/Reco2Pico/PicoProducer/python/workflows/test_pico_pfoffset.root,ChargedHadrons,pt,-3.0,3.0,0.0,0.25,0,nan,nan,0.0
/eos/user/t/tchatzis/reco2pico/CMSSW_15_0_4/src/Reco2Pico/PicoProducer/python/workflows/test_pico_pfoffset.root,ChargedHadrons,pt,-3.0,3.0,0.25,0.5,142,-0.1388421643420424,0.05283368789042365,0.004433704596770905
/eos/user/t/tchatzis/reco2pico/CMSSW_15_0_4/src/Reco2Pico/PicoProducer/python/workflows/test_pico_pfoffset.root,ChargedHadrons,pt,-3.0,3.0,0.5,0.75,541,-0.04951434350926264,0.08365217977409715,0.0035964881157901927
/eos/user/t/tchatzis/reco2pico/CMSSW_15_0_4/src/Reco2Pico/PicoProducer/python/workflows/test_pico_pfoffset.root,ChargedHadrons,pt,-3.0,3.0,0.75,1.0,541,-0.10818226528799423,0.12903963227227908,0.0055478471115332885
/eos/user/t/tchatzis/reco2pico/CMSSW_15_0_4/src/Reco2Pico/PicoProducer/python/workflows/test_pico_pfoffset.root,ChargedHadrons,pt,-3.0,3.0,1.0,1.5,541,-0.12487948817147593,0.1394591085836297,0.0059958153871685115
/eos/user/t/tchatzis/reco2pico/CMSSW_15_0_4/src/Reco2Pico/PicoProducer/python/workflows/test_pico_pfoffset.root,ChargedHadrons,pt,-3.0,3.0,1.5,2.0,541,-0.21913437347328926,0.21476856291759047,0.009233621721087888
/eos/user/t/tchatzis/reco2pico/CMSSW_15_0_4/src/Reco2Pico/PicoProducer/python/workflows/test_pico_pfoffset.root,ChargedHadrons,pt,-3.0,3.0,2.0,3.0,540,-0.308385377994704,0.3175527896259569,0.013665296286255983
/eos/user/t/tchatzis/reco2pico/CMSSW_15_0_4/src/Reco2Pico/PicoProducer/python/workflows/test_pico_pfoffset.root,ChargedHadrons,pt,-3.0,3.0,3.0,5.0,473,-0.5745972588291121,0.6151683388827024,0.028285470357182825
/eos/user/t/tchatzis/reco2pico/CMSSW_15_0_4/src/Reco2Pico/PicoProducer/python/workflows/test_pico_pfoffset.root,ChargedHadrons,eta_pt,-3.0,-2.5,0.0,0.25,0,nan,nan,0.0
/eos/user/t/tchatzis/reco2pico/CMSSW_15_0_4/src/Reco2Pico/PicoProducer/python/workflows/test_pico_pfoffset.root,ChargedHadrons,eta_pt,-3.0,-2.5,0.25,0.5,11,-0.24655822596766733,0.06600294417635087,0.019900636444702625
/eos/user/t/tchatzis/reco2pico/CMSSW_15_0_4/src/Reco2Pico/PicoProducer/python/workflows/test_pico_pfoffset.root,ChargedHadrons,eta_pt,-3.0,-2.5,0.5,0.75,494,-0.013678042403920596,0.03654486124248743,0.001644231040652703
/eos/user/t/tchatzis/reco2pico/CMSSW_15_0_4/src/Reco2Pico/PicoProducer/python/workflows/test_pico_pfoffset.root,ChargedHadrons,eta_pt,-3.0,-2.5,0.75,1.0,286,-0.039077563639560275,0.09436213023088291,0.005579749731745722
/eos/user/t/tchatzis/reco2pico/CMSSW_15_0_4/src/Reco2Pico/PicoProducer/python/workflows/test_pico_pfoffset.root,ChargedHadrons,eta_pt,-3.0,-2.5,1.0,1.5,188,-0.08352510349768055,0.16567699828442178,0.012083236973076937
/eos/user/t/tchatzis/reco2pico/CMSSW_15_0_4/src/Reco2Pico/PicoProducer/python/workflows/test_pico_pfoffset.root,ChargedHadrons,eta_pt,-3.0,-2.5,1.5,2.0,7,-0.15903468696134432,0.24295893490953413,0.0918298457959652
/eos/user/t/tchatzis/reco2pico/CMSSW_15_0_4/src/Reco2Pico/PicoProducer/python/workflows/test_pico_pfoffset.root,ChargedHadrons,eta_pt,-3.0,-2.5,2.0,3.0,2,-0.6184517219662666,0.6092820807947159,0.4308274909853935
/eos/user/t/tchatzis/reco2pico/CMSSW_15_0_4/src/Reco2Pico/PicoProducer/python/workflows/test_pico_pfoffset.root,ChargedHadrons,eta_pt,-3.0,-2.5,3.0,5.0,0,nan,nan,0.0
/eos/user/t/tchatzis/reco2pico/CMSSW_15_0_4/src/Reco2Pico/PicoProducer/python/workflows/test_pico_pfoffset.root,ChargedHadrons,eta_pt,-2.5,-1.5,0.0,0.25,0,nan,nan,0.0
/eos/user/t/tchatzis/reco2pico/CMSSW_15_0_4/src/Reco2Pico/PicoProducer/python/workflows/test_pico_pfoffset.root,ChargedHadrons,eta_pt,-2.5,-1.5,0.25,0.5,86,-0.1420216581589261,0.06085844931793337,0.006562535362813661
/eos/user/t/tchatzis/reco2pico/CMSSW_15_0_4/src/Reco2Pico/PicoProducer/python/workflows/test_pico_pfoffset.root,ChargedHadrons,eta_pt,-2.5,-1.5,0.5,0.75,541,-0.088129219876227,0.10773204937000379,0.00463176257086509
/eos/user/t/tchatzis/reco2pico/CMSSW_15_0_4/src/Reco2Pico/PicoProducer/python/workflows/test_pico_pfoffset.root,ChargedHadrons,eta_pt,-2.5,-1.5,0.75,1.0,541,-0.15083985354967824,0.14424158146515856,0.006201429956077012
/eos/user/t/tchatzis/reco2pico/CMSSW_15_0_4/src/Reco2Pico/PicoProducer/python/workflows/test_pico_pfoffset.root,ChargedHadrons,eta_pt,-2.5,-1.5,1.0,1.5,541,-0.2288747248125767,0.19786439222386434,0.008506854658096181
/eos/user/t/tchatzis/reco2pico/CMSSW_15_0_4/src/Reco2Pico/PicoProducer/python/workflows/test_pico_pfoffset.root,ChargedHadrons,eta_pt,-2.5,-1.5,1.5,2.0,484,-0.3589133949728631,0.3041993754545793,0.013827244338844514
/eos/user/t/tchatzis/reco2pico/CMSSW_15_0_4/src/Reco2Pico/PicoProducer/python/workflows/test_pico_pfoffset.root,ChargedHadrons,eta_pt,-2.5,-1.5,2.0,3.0,336,-0.6149383497229012,0.46774582065765535,0.025517626537654103
/eos/user/t/tchatzis/reco2pico/CMSSW_15_0_4/src/Reco2Pico/PicoProducer/python/workflows/test_pico_pfoffset.root,ChargedHadrons,eta_pt,-2.5,-1.5,3.0,5.0,61,-1.9617095697732245,0.6664548100376454,0.085330794493491
/eos/user/t/tchatzis/reco2pico/CMSSW_15_0_4/src/Reco2Pico/PicoProducer/python/workflows/test_pico_pfoffset.root,ChargedHadrons,eta_pt,-1.5,0.0,0.0,0.25,0,nan,nan,0.0
/eos/user/t/tchatzis/reco2pico/CMSSW_15_0_4/src/Reco2Pico/PicoProducer/python/workflows/test_pico_pfoffset.root,ChargedHadrons,eta_pt,-1.5,0.0,0.25,0.5,0,nan,nan,0.0
/eos/user/t/tchatzis/reco2pico/CMSSW_15_0_4/src/Reco2Pico/PicoProducer/python/workflows/test_pico_pfoffset.root,ChargedHadrons,eta_pt,-1.5,0.0,0.5,0.75,541,-0.032220034001355174,0.06752507623741859,0.0029031297793019615
/eos/user/t/tchatzis/reco2pico/CMSSW_15_0_4/src/Reco2Pico/PicoProducer/python/workflows/test_pico_pfoffset.root,ChargedHadrons,eta_pt,-1.5,0.0,0.75,1.0,541,-0.09896162317154668,0.1327016017552111,0.005705287476641736
/eos/user/t/tchatzis/reco2pico/CMSSW_15_0_4/src/Reco2Pico/PicoProducer/python/workflows/test_pico_pfoffset.root,ChargedHadrons,eta_pt,-1.5,0.0,1.0,1.5,541,-0.0863698571017692,0.12267992665872603,0.005274422011065671
/eos/user/t/tchatzis/reco2pico/CMSSW_15_0_4/src/Reco2Pico/PicoProducer/python/workflows/test_pico_pfoffset.root,ChargedHadrons,eta_pt,-1.5,0.0,1.5,2.0,444,-0.15901394688406578,0.2401496109579664,0.011396996170880289
/eos/user/t/tchatzis/reco2pico/CMSSW_15_0_4/src/Reco2Pico/PicoProducer/python/workflows/test_pico_pfoffset.root,ChargedHadrons,eta_pt,-1.5,0.0,2.0,3.0,296,-0.27677771989240413,0.3668315060177853,0.021321648195703338
/eos/user/t/tchatzis/reco2pico/CMSSW_15_0_4/src/Reco2Pico/PicoProducer/python/workflows/test_pico_pfoffset.root,ChargedHadrons,eta_pt,-1.5,0.0,3.0,5.0,85,-1.1883343567523885,0.6173559880876527,0.06696165856647167
/eos/user/t/tchatzis/reco2pico/CMSSW_15_0_4/src/Reco2Pico/PicoProducer/python/workflows/test_pico_pfoffset.root,ChargedHadrons,eta_pt,0.0,1.5,0.0,0.25,0,nan,nan,0.0
/eos/user/t/tchatzis/reco2pico/CMSSW_15_0_4/src/Reco2Pico/PicoProducer/python/workflows/test_pico_pfoffset.root,ChargedHadrons,eta_pt,0.0,1.5,0.25,0.5,0,nan,nan,0.0
/eos/user/t/tchatzis/reco2pico/CMSSW_15_0_4/src/Reco2Pico/PicoProducer/python/workflows/test_pico_pfoffset.root,ChargedHadrons,eta_pt,0.0,1.5,0.5,0.75,541,-0.029868524921170144,0.06193637943459657,0.0026628529366855076
/eos/user/t/tchatzis/reco2pico/CMSSW_15_0_4/src/Reco2Pico/PicoProducer/python/workflows/test_pico_pfoffset.root,ChargedHadrons,eta_pt,0.0,1.5,0.75,1.0,541,-0.10627985286755877,0.12507597031342957,0.005377435973789977
/eos/user/t/tchatzis/reco2pico/CMSSW_15_0_4/src/Reco2Pico/PicoProducer/python/workflows/test_pico_pfoffset.root,ChargedHadrons,eta_pt,0.0,1.5,1.0,1.5,541,-0.09014564985046254,0.13116207467395555,0.0056390980376262185
/eos/user/t/tchatzis/reco2pico/CMSSW_15_0_4/src/Reco2Pico/PicoProducer/python/workflows/test_pico_pfoffset.root,ChargedHadrons,eta_pt,0.0,1.5,1.5,2.0,442,-0.16355276511211952,0.23854616373449042,0.011346483920513295
/eos/user/t/tchatzis/reco2pico/CMSSW_15_0_4/src/Reco2Pico/PicoProducer/python/workflows/test_pico_pfoffset.root,ChargedHadrons,eta_pt,0.0,1.5,2.0,3.0,318,-0.2720309663864157,0.3413313166324373,0.019140909768704552
/eos/user/t/tchatzis/reco2pico/CMSSW_15_0_4/src/Reco2Pico/PicoProducer/python/workflows/test_pico_pfoffset.root,ChargedHadrons,eta_pt,0.0,1.5,3.0,5.0,97,-1.1759845700460612,0.5874465327341689,0.059646158423267946
/eos/user/t/tchatzis/reco2pico/CMSSW_15_0_4/src/Reco2Pico/PicoProducer/python/workflows/test_pico_pfoffset.root,ChargedHadrons,eta_pt,1.5,2.5,0.0,0.25,0,nan,nan,0.0
/eos/user/t/tchatzis/reco2pico/CMSSW_15_0_4/src/Reco2Pico/PicoProducer/python/workflows/test_pico_pfoffset.root,ChargedHadrons,eta_pt,1.5,2.5,0.25,0.5,82,-0.12863466825170114,0.06152840034218266,0.006794675146731341
/eos/user/t/tchatzis/reco2pico/CMSSW_15_0_4/src/Reco2Pico/PicoProducer/python/workflows/test_pico_pfoffset.root,ChargedHadrons,eta_pt,1.5,2.5,0.5,0.75,541,-0.08948394129332068,0.10184976070105078,0.00437886322803066
/eos/user/t/tchatzis/reco2pico/CMSSW_15_0_4/src/Reco2Pico/PicoProducer/python/workflows/test_pico_pfoffset.root,ChargedHadrons,eta_pt,1.5,2.5,0.75,1.0,541,-0.14793491148894056,0.13797558566059587,0.005932033754979106
/eos/user/t/tchatzis/reco2pico/CMSSW_15_0_4/src/Reco2Pico/PicoProducer/python/workflows/test_pico_pfoffset.root,ChargedHadrons,eta_pt,1.5,2.5,1.0,1.5,541,-0.22552083183188412,0.1804240870531826,0.007757037373579544
/eos/user/t/tchatzis/reco2pico/CMSSW_15_0_4/src/Reco2Pico/PicoProducer/python/workflows/test_pico_pfoffset.root,ChargedHadrons,eta_pt,1.5,2.5,1.5,2.0,485,-0.3572028479358834,0.29512418912707267,0.013400899108773644
/eos/user/t/tchatzis/reco2pico/CMSSW_15_0_4/src/Reco2Pico/PicoProducer/python/workflows/test_pico_pfoffset.root,ChargedHadrons,eta_pt,1.5,2.5,2.0,3.0,320,-0.5887379976862576,0.46858440734245876,0.026194664700354732
/eos/user/t/tchatzis/reco2pico/CMSSW_15_0_4/src/Reco2Pico/PicoProducer/python/workflows/test_pico_pfoffset.root,ChargedHadrons,eta_pt,1.5,2.5,3.0,5.0,53,-1.9170143272516862,0.5095614336968114,0.06999364589909653
/eos/user/t/tchatzis/reco2pico/CMSSW_15_0_4/src/Reco2Pico/PicoProducer/python/workflows/test_pico_pfoffset.root,ChargedHadrons,eta_pt,2.5,3.0,0.0,0.25,0,nan,nan,0.0
/eos/user/t/tchatzis/reco2pico/CMSSW_15_0_4/src/Reco2Pico/PicoProducer/python/workflows/test_pico_pfoffset.root,ChargedHadrons,eta_pt,2.5,3.0,0.25,0.5,14,-0.26143426448106766,0.05058278913292676,0.013518819043060291
/eos/user/t/tchatzis/reco2pico/CMSSW_15_0_4/src/Reco2Pico/PicoProducer/python/workflows/test_pico_pfoffset.root,ChargedHadrons,eta_pt,2.5,3.0,0.5,0.75,511,-0.02108350397906243,0.0467288025452594,0.002067160520388421
/eos/user/t/tchatzis/reco2pico/CMSSW_15_0_4/src/Reco2Pico/PicoProducer/python/workflows/test_pico_pfoffset.root,ChargedHadrons,eta_pt,2.5,3.0,0.75,1.0,274,-0.06178545363521013,0.11436401415133225,0.006908982763074482
/eos/user/t/tchatzis/reco2pico/CMSSW_15_0_4/src/Reco2Pico/PicoProducer/python/workflows/test_pico_pfoffset.root,ChargedHadrons,eta_pt,2.5,3.0,1.0,1.5,220,-0.11859608807307351,0.19038119086910765,0.012835497269954062
/eos/user/t/tchatzis/reco2pico/CMSSW_15_0_4/src/Reco2Pico/PicoProducer/python/workflows/test_pico_pfoffset.root,ChargedHadrons,eta_pt,2.5,3.0,1.5,2.0,13,-0.23673413675994828,0.36120763306374915,0.10018097246925611
/eos/user/t/tchatzis/reco2pico/CMSSW_15_0_4/src/Reco2Pico/PicoProducer/python/workflows/test_pico_pfoffset.root,ChargedHadrons,eta_pt,2.5,3.0,2.0,3.0,1,-0.07769299298524857,nan,0.0
/eos/user/t/tchatzis/reco2pico/CMSSW_15_0_4/src/Reco2Pico/PicoProducer/python/workflows/test_pico_pfoffset.root,ChargedHadrons,eta_pt,2.5,3.0,3.0,5.0,0,nan,nan,0.0
