file,label,event,nvtx,nvtx_branch,observable,category,eta_min,eta_max,entries,mean,stddev,q10,q25,median,q75,q90,q95,q99
/eos/user/t/tchatzis/reco2pico/CMSSW_15_0_4/src/Reco2Pico/PicoProducer/python/workflows/test_pico_pfoffset.root,ZeroBias,8,45.0,PV_npvs,pt,chargedHadron,-5.2,-3.0,1,0.5625,0.0,0.5125,0.53125,0.5625,0.59375,0.6125,0.61875,0.62375
/eos/user/t/tchatzis/reco2pico/CMSSW_15_0_4/src/Reco2Pico/PicoProducer/python/workflows/test_pico_pfoffset.root,ZeroBias,8,45.0,PV_npvs,puppi_pt,chargedHadron,-5.2,-3.0,1,0.0625,0.0,0.0125,0.03125,0.0625,0.09375,0.1125,0.11875,0.12375
/eos/user/t/tchatzis/reco2pico/CMSSW_15_0_4/src/Reco2Pico/PicoProducer/python/workflows/test_pico_pfoffset.root,ZeroBias,8,45.0,PV_npvs,pt,chargedHadron,-3.0,-2.5,88,0.7642045454545454,0.9190286022739014,0.21666666666666667,0.3235294117647059,0.4791666666666667,0.75,1.5125000000000002,2.449999999999999,5.765
/eos/user/t/tchatzis/reco2pico/CMSSW_15_0_4/src/Reco2Pico/PicoProducer/python/workflows/test_pico_pfoffset.root,ZeroBias,8,45.0,PV_npvs,puppi_pt,chargedHadron,-3.0,-2.5,88,0.3096590909090909,0.8410578415732778,0.01594202898550725,0.03985507246376812,0.07971014492753624,0.11956521739130435,0.6500000000000005,1.0999999999999996,5.765
/eos/user/t/tchatzis/reco2pico/CMSSW_15_0_4/src/Reco2Pico/PicoProducer/python/workflows/test_pico_pfoffset.root,ZeroBias,8,45.0,PV_npvs,pt,chargedHadron,-2.5,-1.5,393,0.728530534351145,0.6383951483837164,0.24176829268292682,0.3463184931506849,0.5359375000000001,0.9256465517241379,1.4520833333333336,1.7156249999999995,3.21125
/eos/user/t/tchatzis/reco2pico/CMSSW_15_0_4/src/Reco2Pico/PicoProducer/python/workflows/test_pico_pfoffset.root,ZeroBias,8,45.0,PV_npvs,puppi_pt,chargedHadron,-2.5,-1.5,393,0.13979007633587787,0.415715266776783,0.013458904109589042,0.0336472602739726,0.0672945205479452,0.1009417808219178,0.12113013698630137,0.771874999999999,1.4418749999999994
/eos/user/t/tchatzis/reco2pico/CMSSW_15_0_4/src/Reco2Pico/PicoProducer/python/workflows/test_pico_pfoffset.root,ZeroBias,8,45.0,PV_npvs,pt,chargedHadron,-1.5,0.0,536,0.7520988805970149,0.6828593564346825,0.27708333333333335,0.4025229357798165,0.5737951807228916,0.8590425531914894,1.3687500000000001,1.8299999999999998,3.3300000000000014
/eos/user/t/tchatzis/reco2pico/CMSSW_15_0_4/src/Reco2Pico/PicoProducer/python/workflows/test_pico_pfoffset.root,ZeroBias,8,45.0,PV_npvs,puppi_pt,chargedHadron,-1.5,0.0,535,0.13036380597014927,0.32739738354130704,0.0134,0.0335,0.067,0.10049999999999999,0.1206,0.5049999999999994,1.9550000000000012
/eos/user/t/tchatzis/reco2pico/CMSSW_15_0_4/src/Reco2Pico/PicoProducer/python/workflows/test_pico_pfoffset.root,ZeroBias,8,45.0,PV_npvs,pt,chargedHadron,0.0,1.5,537,0.818086592178771,0.877124439066624,0.280859375,0.38585526315789476,0.578125,0.9062499999999999,1.5412500000000002,2.1455357142857134,4.328750000000001
/eos/user/t/tchatzis/reco2pico/CMSSW_15_0_4/src/Reco2Pico/PicoProducer/python/workflows/test_pico_pfoffset.root,ZeroBias,8,45.0,PV_npvs,puppi_pt,chargedHadron,0.0,1.5,538,0.18378252788104088,0.6368651661698878,0.01369653767820774,0.03424134419551935,0.0684826883910387,0.10272403258655805,0.12326883910386965,0.7541666666666655,2.7024999999999992
/eos/user/t/tchatzis/reco2pico/CMSSW_15_0_4/src/Reco2Pico/PicoProducer/python/workflows/test_pico_pfoffset.root,ZeroBias,8,45.0,PV_npvs,pt,chargedHadron,1.5,2.5,384,0.65625,0.481425833678806,0.25924657534246576,0.3578767123287671,0.5,0.75,1.3321428571428573,1.6199999999999992,2.3949999999999982
/eos/user/t/tchatzis/reco2pico/CMSSW_15_0_4/src/Reco2Pico/PicoProducer/python/workflows/test_pico_pfoffset.root,ZeroBias,8,45.0,PV_npvs,puppi_pt,chargedHadron,1.5,2.5,383,0.08854166666666667,0.14052851628366708,0.013114754098360656,0.03278688524590164,0.06557377049180328,0.09836065573770492,0.1180327868852459,0.12459016393442622,0.7983333333333338
/eos/user/t/tchatzis/reco2pico/CMSSW_15_0_4/src/Reco2Pico/PicoProducer/python/workflows/test_pico_pfoffset.root,ZeroBias,8,45.0,PV_npvs,pt,chargedHadron,2.5,3.0,109,0.6003440366972477,0.5012897891835305,0.18125,0.275297619047619,0.45703125,0.7473958333333333,1.2531249999999998,1.4718749999999994,1.9887499999999991
/eos/user/t/tchatzis/reco2pico/CMSSW_15_0_4/src/Reco2Pico/PicoProducer/python/workflows/test_pico_pfoffset.root,ZeroBias,8,45.0,PV_npvs,puppi_pt,chargedHadron,2.5,3.0,109,0.09461009174311927,0.1582984256066145,0.013100961538461539,0.03275240384615385,0.0655048076923077,0.09825721153846154,0.11790865384615384,0.1244591346153846,0.9943749999999996
/eos/user/t/tchatzis/reco2pico/CMSSW_15_0_4/src/Reco2Pico/PicoProducer/python/workflows/test_pico_pfoffset.root,ZeroBias,8,45.0,PV_npvs,pt,chargedHadron,3.0,5.2,2,0.5,0.3125,0.15,0.1875,0.625,0.8125,0.85,0.8625,0.8725
/eos/user/t/tchatzis/reco2pico/CMSSW_15_0_4/src/Reco2Pico/PicoProducer/python/workflows/test_pico_pfoffset.root,ZeroBias,8,45.0,PV_npvs,puppi_pt,chargedHadron,3.0,5.2,1,0.0625,0.0,0.0125,0.03125,0.0625,0.09375,0.1125,0.11875,0.12375
/eos/user/t/tchatzis/reco2pico/CMSSW_15_0_4/src/Reco2Pico/PicoProducer/python/workflows/test_pico_pfoffset.root,ZeroBias,8,45.0,PV_npvs,pt,neutralHadron,-5.2,-3.0,0,nan,nan,0.0,0.0,0.0,0.0,0.0,0.0,0.0
/eos/user/t/tchatzis/reco2pico/CMSSW_15_0_4/src/Reco2Pico/PicoProducer/python/workflows/test_pico_pfoffset.root,ZeroBias,8,45.0,PV_npvs,puppi_pt,neutralHadron,-5.2,-3.0,0,nan,nan,0.0,0.0,0.0,0.0,0.0,0.0,0.0
/eos/user/t/tchatzis/reco2pico/CMSSW_15_0_4/src/Reco2Pico/PicoProducer/python/workflows/test_pico_pfoffset.root,ZeroBias,8,45.0,PV_npvs,pt,neutralHadron,-3.0,-2.5,14,4.866071428571429,2.429687243667549,1.3,3.3125,5.25,6.5625,7.575,8.9125,8.9825
/eos/user/t/tchatzis/reco2pico/CMSSW_15_0_4/src/Reco2Pico/PicoProducer/python/workflows/test_pico_pfoffset.root,ZeroBias,8,45.0,PV_npvs,puppi_pt,neutralHadron,-3.0,-2.5,15,0.5541666666666667,1.8396482151638545,0.013392857142857144,0.033482142857142856,0.06696428571428571,0.10044642857142858,0.12053571428571429,7.40625,7.48125
/eos/user/t/tchatzis/reco2pico/CMSSW_15_0_4/src/Reco2Pico/PicoProducer/python/workflows/test_pico_pfoffset.root,ZeroBias,8,45.0,PV_npvs,pt,neutralHadron,-2.5,-1.5,11,2.0625,1.2072225824744844,0.2625,0.96875,2.28125,2.90625,3.1125000000000003,4.43125,4.48625
/eos/user/t/tchatzis/reco2pico/CMSSW_15_0_4/src/Reco2Pico/PicoProducer/python/workflows/test_pico_pfoffset.root,ZeroBias,8,45.0,PV_npvs,puppi_pt,neutralHadron,-2.5,-1.5,11,0.5738636363636364,1.085093399643742,0.015277777777777777,0.03819444444444444,0.07638888888888888,0.11458333333333333,2.8625000000000003,2.93125,2.98625
/eos/user/t/tchatzis/reco2pico/CMSSW_15_0_4/src/Reco2Pico/PicoProducer/python/workflows/test_pico_pfoffset.root,ZeroBias,8,45.0,PV_npvs,pt,neutralHadron,-1.5,0.0,16,1.7265625,0.8463141016157949,0.7,1.25,1.5625,2.0,3.3,3.9,3.98
/eos/user/t/tchatzis/reco2pico/CMSSW_15_0_4/src/Reco2Pico/PicoProducer/python/workflows/test_pico_pfoffset.root,ZeroBias,8,45.0,PV_npvs,puppi_pt,neutralHadron,-1.5,0.0,16,0.140625,0.30257682392245444,0.013333333333333334,0.03333333333333333,0.06666666666666667,0.1,0.12000000000000001,1.275,1.355
/eos/user/t/tchatzis/reco2pico/CMSSW_15_0_4/src/Reco2Pico/PicoProducer/python/workflows/test_pico_pfoffset.root,ZeroBias,8,45.0,PV_npvs,pt,neutralHadron,0.0,1.5,13,2.6490384615384617,2.0553545311018024,0.51875,1.03125,2.34375,3.21875,5.0875,8.16875,8.23375
/eos/user/t/tchatzis/reco2pico/CMSSW_15_0_4/src/Reco2Pico/PicoProducer/python/workflows/test_pico_pfoffset.root,ZeroBias,8,45.0,PV_npvs,puppi_pt,neutralHadron,0.0,1.5,14,0.1875,0.45069390943299864,0.013461538461538462,0.03365384615384615,0.0673076923076923,0.10096153846153846,0.12115384615384615,1.7874999999999999,1.8575
/eos/user/t/tchatzis/reco2pico/CMSSW_15_0_4/src/Reco2Pico/PicoProducer/python/workflows/test_pico_pfoffset.root,ZeroBias,8,45.0,PV_npvs,pt,neutralHadron,1.5,2.5,13,1.4086538461538463,0.9121954788947246,0.2875,0.78125,1.28125,1.96875,2.7125,3.4187499999999997,3.48375
/eos/user/t/tchatzis/reco2pico/CMSSW_15_0_4/src/Reco2Pico/PicoProducer/python/workflows/test_pico_pfoffset.root,ZeroBias,8,45.0,PV_npvs,puppi_pt,neutralHadron,1.5,2.5,13,0.2644230769230769,0.6994820569028158,0.013541666666666667,0.033854166666666664,0.06770833333333333,0.1015625,0.121875,2.6687499999999997,2.73375
/eos/user/t/tchatzis/reco2pico/CMSSW_15_0_4/src/Reco2Pico/PicoProducer/python/workflows/test_pico_pfoffset.root,ZeroBias,8,45.0,PV_npvs,pt,neutralHadron,2.5,3.0,8,6.953125,1.5340376411206473,4.35,5.6875,7.125,8.375,9.025,9.075,9.115
/eos/user/t/tchatzis/reco2pico/CMSSW_15_0_4/src/Reco2Pico/PicoProducer/python/workflows/test_pico_pfoffset.root,ZeroBias,8,45.0,PV_npvs,puppi_pt,neutralHadron,2.5,3.0,11,0.9583333333333334,2.005742623624034,0.015,0.0375,0.075,0.11249999999999999,5.225,5.675,5.735
/eos/user/t/tchatzis/reco2pico/CMSSW_15_0_4/src/Reco2Pico/PicoProducer/python/workflows/test_pico_pfoffset.root,ZeroBias,8,45.0,PV_npvs,pt,neutralHadron,3.0,5.2,0,nan,nan,0.0,0.0,0.0,0.0,0.0,0.0,0.0
/eos/user/t/tchatzis/reco2pico/CMSSW_15_0_4/src/Reco2Pico/PicoProducer/python/workflows/test_pico_pfoffset.root,ZeroBias,8,45.0,PV_npvs,puppi_pt,neutralHadron,3.0,5.2,0,nan,nan,0.0,0.0,0.0,0.0,0.0,0.0,0.0
/eos/user/t/tchatzis/reco2pico/CMSSW_15_0_4/src/Reco2Pico/PicoProducer/python/workflows/test_pico_pfoffset.root,ZeroBias,8,45.0,PV_npvs,pt,photon,-5.2,-3.0,0,nan,nan,0.0,0.0,0.0,0.0,0.0,0.0,0.0
/eos/user/t/tchatzis/reco2pico/CMSSW_15_0_4/src/Reco2Pico/PicoProducer/python/workflows/test_pico_pfoffset.root,ZeroBias,8,45.0,PV_npvs,puppi_pt,photon,-5.2,-3.0,0,nan,nan,0.0,0.0,0.0,0.0,0.0,0.0,0.0
/eos/user/t/tchatzis/reco2pico/CMSSW_15_0_4/src/Reco2Pico/PicoProducer/python/workflows/test_pico_pfoffset.root,ZeroBias,8,45.0,PV_npvs,pt,photon,-3.0,-2.5,0,nan,nan,0.0,0.0,0.0,0.0,0.0,0.0,0.0
/eos/user/t/tchatzis/reco2pico/CMSSW_15_0_4/src/Reco2Pico/PicoProducer/python/workflows/test_pico_pfoffset.root,ZeroBias,8,45.0,PV_npvs,puppi_pt,photon,-3.0,-2.5,0,nan,nan,0.0,0.0,0.0,0.0,0.0,0.0,0.0
/eos/user/t/tchatzis/reco2pico/CMSSW_15_0_4/src/Reco2Pico/PicoProducer/python/workflows/test_pico_pfoffset.root,ZeroBias,8,45.0,PV_npvs,pt,photon,-2.5,-1.5,12,0.875,0.7315437444199766,0.3,0.375,0.46875,1.625,2.225,2.3,2.36
/eos/user/t/tchatzis/reco2pico/CMSSW_15_0_4/src/Reco2Pico/PicoProducer/python/workflows/test_pico_pfoffset.root,ZeroBias,8,45.0,PV_npvs,puppi_pt,photon,-2.5,-1.5,12,0.23958333333333334,0.587318973292102,0.013636363636363637,0.034090909090909095,0.06818181818181819,0.10227272727272728,0.12272727272727274,2.175,2.235
/eos/user/t/tchatzis/reco2pico/CMSSW_15_0_4/src/Reco2Pico/PicoProducer/python/workflows/test_pico_pfoffset.root,ZeroBias,8,45.0,PV_npvs,pt,photon,-1.5,0.0,104,0.8317307692307693,0.6726475278669818,0.32833333333333337,0.4318181818181818,0.5833333333333334,0.953125,1.9125,2.2375,3.2474999999999996
/eos/user/t/tchatzis/reco2pico/CMSSW_15_0_4/src/Reco2Pico/PicoProducer/python/workflows/test_pico_pfoffset.root,ZeroBias,8,45.0,PV_npvs,puppi_pt,photon,-1.5,0.0,104,0.18509615384615385,0.4392070984966232,0.01368421052631579,0.034210526315789476,0.06842105263157895,0.10263157894736842,0.1231578947368421,0.9916666666666667,1.9949999999999994
/eos/user/t/tchatzis/reco2pico/CMSSW_15_0_4/src/Reco2Pico/PicoProducer/python/workflows/test_pico_pfoffset.root,ZeroBias,8,45.0,PV_npvs,pt,photon,0.0,1.5,109,0.7907110091743119,0.6710861806781202,0.3158333333333333,0.4111328125,0.5401785714285714,0.8153409090909091,2.0124999999999997,2.4718749999999994,3.113749999999999
/eos/user/t/tchatzis/reco2pico/CMSSW_15_0_4/src/Reco2Pico/PicoProducer/python/workflows/test_pico_pfoffset.root,ZeroBias,8,45.0,PV_npvs,puppi_pt,photon,0.0,1.5,109,0.22878440366972477,0.5489395129149689,0.013762626262626263,0.034406565656565656,0.06881313131313131,0.10321969696969698,0.12386363636363637,2.068749999999999,2.2471875
/eos/user/t/tchatzis/reco2pico/CMSSW_15_0_4/src/Reco2Pico/PicoProducer/python/workflows/test_pico_pfoffset.root,ZeroBias,8,45.0,PV_npvs,pt,photon,1.5,2.5,16,0.953125,0.6121730632549917,0.31666666666666665,0.4166666666666667,0.75,1.375,1.925,2.15,2.23
/eos/user/t/tchatzis/reco2pico/CMSSW_15_0_4/src/Reco2Pico/PicoProducer/python/workflows/test_pico_pfoffset.root,ZeroBias,8,45.0,PV_npvs,puppi_pt,photon,1.5,2.5,16,0.0625,0.0,0.0125,0.03125,0.0625,0.09375,0.1125,0.11875,0.12375
/eos/user/t/tchatzis/reco2pico/CMSSW_15_0_4/src/Reco2Pico/PicoProducer/python/workflows/test_pico_pfoffset.root,ZeroBias,8,45.0,PV_npvs,pt,photon,2.5,3.0,0,nan,nan,0.0,0.0,0.0,0.0,0.0,0.0,0.0
/eos/user/t/tchatzis/reco2pico/CMSSW_15_0_4/src/Reco2Pico/PicoProducer/python/workflows/test_pico_pfoffset.root,ZeroBias,8,45.0,PV_npvs,puppi_pt,photon,2.5,3.0,0,nan,nan,0.0,0.0,0.0,0.0,0.0,0.0,0.0
/eos/user/t/tchatzis/reco2pico/CMSSW_15_0_4/src/Reco2Pico/PicoProducer/python/workflows/test_pico_pfoffset.root,ZeroBias,8,45.0,PV_npvs,pt,photon,3.0,5.2,0,nan,nan,0.0,0.0,0.0,0.0,0.0,0.0,0.0
/eos/user/t/tchatzis/reco2pico/CMSSW_15_0_4/src/Reco2Pico/PicoProducer/python/workflows/test_pico_pfoffset.root,ZeroBias,8,45.0,PV_npvs,puppi_pt,photon,3.0,5.2,0,nan,nan,0.0,0.0,0.0,0.0,0.0,0.0,0.0
/eos/user/t/tchatzis/reco2pico/CMSSW_15_0_4/src/Reco2Pico/PicoProducer/python/workflows/test_pico_pfoffset.root,ZeroBias,8,45.0,PV_npvs,pt,electron,-5.2,-3.0,0,nan,nan,0.0,0.0,0.0,0.0,0.0,0.0,0.0
/eos/user/t/tchatzis/reco2pico/CMSSW_15_0_4/src/Reco2Pico/PicoProducer/python/workflows/test_pico_pfoffset.root,ZeroBias,8,45.0,PV_npvs,puppi_pt,electron,-5.2,-3.0,0,nan,nan,0.0,0.0,0.0,0.0,0.0,0.0,0.0
/eos/user/t/tchatzis/reco2pico/CMSSW_15_0_4/src/Reco2Pico/PicoProducer/python/workflows/test_pico_pfoffset.root,ZeroBias,8,45.0,PV_npvs,pt,electron,-3.0,-2.5,0,nan,nan,0.0,0.0,0.0,0.0,0.0,0.0,0.0
/eos/user/t/tchatzis/reco2pico/CMSSW_15_0_4/src/Reco2Pico/PicoProducer/python/workflows/test_pico_pfoffset.root,ZeroBias,8,45.0,PV_npvs,puppi_pt,electron,-3.0,-2.5,0,nan,nan,0.0,0.0,0.0,0.0,0.0,0.0,0.0
/eos/user/t/tchatzis/reco2pico/CMSSW_15_0_4/src/Reco2Pico/PicoProducer/python/workflows/test_pico_pfoffset.root,ZeroBias,8,45.0,PV_npvs,pt,electron,-2.5,-1.5,1,2.6875,0.0,2.6375,2.65625,2.6875,2.71875,2.7375,2.74375,2.74875
/eos/user/t/tchatzis/reco2pico/CMSSW_15_0_4/src/Reco2Pico/PicoProducer/python/workflows/test_pico_pfoffset.root,ZeroBias,8,45.0,PV_npvs,puppi_pt,electron,-2.5,-1.5,1,0.0625,0.0,0.0125,0.03125,0.0625,0.09375,0.1125,0.11875,0.12375
/eos/user/t/tchatzis/reco2pico/CMSSW_15_0_4/src/Reco2Pico/PicoProducer/python/workflows/test_pico_pfoffset.root,ZeroBias,8,45.0,PV_npvs,pt,electron,-1.5,0.0,0,nan,nan,0.0,0.0,0.0,0.0,0.0,0.0,0.0
/eos/user/t/tchatzis/reco2pico/CMSSW_15_0_4/src/Reco2Pico/PicoProducer/python/workflows/test_pico_pfoffset.root,ZeroBias,8,45.0,PV_npvs,puppi_pt,electron,-1.5,0.0,0,nan,nan,0.0,0.0,0.0,0.0,0.0,0.0,0.0
/eos/user/t/tchatzis/reco2pico/CMSSW_15_0_4/src/Reco2Pico/PicoProducer/python/workflows/test_pico_pfoffset.root,ZeroBias,8,45.0,PV_npvs,pt,electron,0.0,1.5,0,nan,nan,0.0,0.0,0.0,0.0,0.0,0.0,0.0
/eos/user/t/tchatzis/reco2pico/CMSSW_15_0_4/src/Reco2Pico/PicoProducer/python/workflows/test_pico_pfoffset.root,ZeroBias,8,45.0,PV_npvs,puppi_pt,electron,0.0,1.5,0,nan,nan,0.0,0.0,0.0,0.0,0.0,0.0,0.0
/eos/user/t/tchatzis/reco2pico/CMSSW_15_0_4/src/Reco2Pico/PicoProducer/python/workflows/test_pico_pfoffset.root,ZeroBias,8,45.0,PV_npvs,pt,electron,1.5,2.5,0,nan,nan,0.0,0.0,0.0,0.0,0.0,0.0,0.0
/eos/user/t/tchatzis/reco2pico/CMSSW_15_0_4/src/Reco2Pico/PicoProducer/python/workflows/test_pico_pfoffset.root,ZeroBias,8,45.0,PV_npvs,puppi_pt,electron,1.5,2.5,0,nan,nan,0.0,0.0,0.0,0.0,0.0,0.0,0.0
/eos/user/t/tchatzis/reco2pico/CMSSW_15_0_4/src/Reco2Pico/PicoProducer/python/workflows/test_pico_pfoffset.root,ZeroBias,8,45.0,PV_npvs,pt,electron,2.5,3.0,0,nan,nan,0.0,0.0,0.0,0.0,0.0,0.0,0.0
/eos/user/t/tchatzis/reco2pico/CMSSW_15_0_4/src/Reco2Pico/PicoProducer/python/workflows/test_pico_pfoffset.root,ZeroBias,8,45.0,PV_npvs,puppi_pt,electron,2.5,3.0,0,nan,nan,0.0,0.0,0.0,0.0,0.0,0.0,0.0
/eos/user/t/tchatzis/reco2pico/CMSSW_15_0_4/src/Reco2Pico/PicoProducer/python/workflows/test_pico_pfoffset.root,ZeroBias,8,45.0,PV_npvs,pt,electron,3.0,5.2,0,nan,nan,0.0,0.0,0.0,0.0,0.0,0.0,0.0
/eos/user/t/tchatzis/reco2pico/CMSSW_15_0_4/src/Reco2Pico/PicoProducer/python/workflows/test_pico_pfoffset.root,ZeroBias,8,45.0,PV_npvs,puppi_pt,electron,3.0,5.2,0,nan,nan,0.0,0.0,0.0,0.0,0.0,0.0,0.0
/eos/user/t/tchatzis/reco2pico/CMSSW_15_0_4/src/Reco2Pico/PicoProducer/python/workflows/test_pico_pfoffset.root,ZeroBias,8,45.0,PV_npvs,pt,muon,-5.2,-3.0,0,nan,nan,0.0,0.0,0.0,0.0,0.0,0.0,0.0
/eos/user/t/tchatzis/reco2pico/CMSSW_15_0_4/src/Reco2Pico/PicoProducer/python/workflows/test_pico_pfoffset.root,ZeroBias,8,45.0,PV_npvs,puppi_pt,muon,-5.2,-3.0,0,nan,nan,0.0,0.0,0.0,0.0,0.0,0.0,0.0
/eos/user/t/tchatzis/reco2pico/CMSSW_15_0_4/src/Reco2Pico/PicoProducer/python/workflows/test_pico_pfoffset.root,ZeroBias,8,45.0,PV_npvs,pt,muon,-3.0,-2.5,0,nan,nan,0.0,0.0,0.0,0.0,0.0,0.0,0.0
/eos/user/t/tchatzis/reco2pico/CMSSW_15_0_4/src/Reco2Pico/PicoProducer/python/workflows/test_pico_pfoffset.root,ZeroBias,8,45.0,PV_npvs,puppi_pt,muon,-3.0,-2.5,0,nan,nan,0.0,0.0,0.0,0.0,0.0,0.0,0.0
/eos/user/t/tchatzis/reco2pico/CMSSW_15_0_4/src/Reco2Pico/PicoProducer/python/workflows/test_pico_pfoffset.root,ZeroBias,8,45.0,PV_npvs,pt,muon,-2.5,-1.5,4,1.5625,0.4592793267718459,1.05,1.25,1.4375,2.125,2.325,2.35,2.37
/eos/user/t/tchatzis/reco2pico/CMSSW_15_0_4/src/Reco2Pico/PicoProducer/python/workflows/test_pico_pfoffset.root,ZeroBias,8,45.0,PV_npvs,puppi_pt,muon,-2.5,-1.5,4,0.0625,0.0,0.0125,0.03125,0.0625,0.09375,0.1125,0.11875,0.12375
/eos/user/t/tchatzis/reco2pico/CMSSW_15_0_4/src/Reco2Pico/PicoProducer/python/workflows/test_pico_pfoffset.root,ZeroBias,8,45.0,PV_npvs,pt,muon,-1.5,0.0,0,nan,nan,0.0,0.0,0.0,0.0,0.0,0.0,0.0
/eos/user/t/tchatzis/reco2pico/CMSSW_15_0_4/src/Reco2Pico/PicoProducer/python/workflows/test_pico_pfoffset.root,ZeroBias,8,45.0,PV_npvs,puppi_pt,muon,-1.5,0.0,0,nan,nan,0.0,0.0,0.0,0.0,0.0,0.0,0.0
/eos/user/t/tchatzis/reco2pico/CMSSW_15_0_4/src/Reco2Pico/PicoProducer/python/workflows/test_pico_pfoffset.root,ZeroBias,8,45.0,PV_npvs,pt,muon,0.0,1.5,0,nan,nan,0.0,0.0,0.0,0.0,0.0,0.0,0.0
/eos/user/t/tchatzis/reco2pico/CMSSW_15_0_4/src/Reco2Pico/PicoProducer/python/workflows/test_pico_pfoffset.root,ZeroBias,8,45.0,PV_npvs,puppi_pt,muon,0.0,1.5,0,nan,nan,0.0,0.0,0.0,0.0,0.0,0.0,0.0
/eos/user/t/tchatzis/reco2pico/CMSSW_15_0_4/src/Reco2Pico/PicoProducer/python/workflows/test_pico_pfoffset.root,ZeroBias,8,45.0,PV_npvs,pt,muon,1.5,2.5,3,1.2291666666666667,0.15590239111558027,1.0375,1.09375,1.1875,1.40625,1.4625,1.48125,1.49625
/eos/user/t/tchatzis/reco2pico/CMSSW_15_0_4/src/Reco2Pico/PicoProducer/python/workflows/test_pico_pfoffset.root,ZeroBias,8,45.0,PV_npvs,puppi_pt,muon,1.5,2.5,3,0.0625,0.0,0.0125,0.03125,0.0625,0.09375,0.1125,0.11875,0.12375
/eos/user/t/tchatzis/reco2pico/CMSSW_15_0_4/src/Reco2Pico/PicoProducer/python/workflows/test_pico_pfoffset.root,ZeroBias,8,45.0,PV_npvs,pt,muon,2.5,3.0,0,nan,nan,0.0,0.0,0.0,0.0,0.0,0.0,0.0
/eos/user/t/tchatzis/reco2pico/CMSSW_15_0_4/src/Reco2Pico/PicoProducer/python/workflows/test_pico_pfoffset.root,ZeroBias,8,45.0,PV_npvs,puppi_pt,muon,2.5,3.0,0,nan,nan,0.0,0.0,0.0,0.0,0.0,0.0,0.0
/eos/user/t/tchatzis/reco2pico/CMSSW_15_0_4/src/Reco2Pico/PicoProducer/python/workflows/test_pico_pfoffset.root,ZeroBias,8,45.0,PV_npvs,pt,muon,3.0,5.2,0,nan,nan,0.0,0.0,0.0,0.0,0.0,0.0,0.0
/eos/user/t/tchatzis/reco2pico/CMSSW_15_0_4/src/Reco2Pico/PicoProducer/python/workflows/test_pico_pfoffset.root,ZeroBias,8,45.0,PV_npvs,puppi_pt,muon,3.0,5.2,0,nan,nan,0.0,0.0,0.0,0.0,0.0,0.0,0.0
/eos/user/t/tchatzis/reco2pico/CMSSW_15_0_4/src/Reco2Pico/PicoProducer/python/workflows/test_pico_pfoffset.root,ZeroBias,8,45.0,PV_npvs,pt,HFHadron,-5.2,-3.0,330,1.990909090909091,0.9901205769435621,0.9,1.2942708333333333,1.8308823529411764,2.49609375,3.2272727272727275,3.723214285714285,5.212499999999998
/eos/user/t/tchatzis/reco2pico/CMSSW_15_0_4/src/Reco2Pico/PicoProducer/python/workflows/test_pico_pfoffset.root,ZeroBias,8,45.0,PV_npvs,puppi_pt,HFHadron,-5.2,-3.0,330,0.08484848484848485,0.40536479988098717,0.012537993920972646,0.031344984802431614,0.06268996960486323,0.09403495440729484,0.1128419452887538,0.11911094224924011,0.12412613981762918
/eos/user/t/tchatzis/reco2pico/CMSSW_15_0_4/src/Reco2Pico/PicoProducer/python/workflows/test_pico_pfoffset.root,ZeroBias,8,45.0,PV_npvs,pt,HFHadron,-3.0,-2.5,4,1.125,0.9206824914160147,0.3,0.5,0.75,2.5,2.7,2.725,2.745
/eos/user/t/tchatzis/reco2pico/CMSSW_15_0_4/src/Reco2Pico/PicoProducer/python/workflows/test_pico_pfoffset.root,ZeroBias,8,45.0,PV_npvs,puppi_pt,HFHadron,-3.0,-2.5,4,0.0625,0.0,0.0125,0.03125,0.0625,0.09375,0.1125,0.11875,0.12375
/eos/user/t/tchatzis/reco2pico/CMSSW_15_0_4/src/Reco2Pico/PicoProducer/python/workflows/test_pico_pfoffset.root,ZeroBias,8,45.0,PV_npvs,pt,HFHadron,-2.5,-1.5,0,nan,nan,0.0,0.0,0.0,0.0,0.0,0.0,0.0
/eos/user/t/tchatzis/reco2pico/CMSSW_15_0_4/src/Reco2Pico/PicoProducer/python/workflows/test_pico_pfoffset.root,ZeroBias,8,45.0,PV_npvs,puppi_pt,HFHadron,-2.5,-1.5,0,nan,nan,0.0,0.0,0.0,0.0,0.0,0.0,0.0
/eos/user/t/tchatzis/reco2pico/CMSSW_15_0_4/src/Reco2Pico/PicoProducer/python/workflows/test_pico_pfoffset.root,ZeroBias,8,45.0,PV_npvs,pt,HFHadron,-1.5,0.0,0,nan,nan,0.0,0.0,0.0,0.0,0.0,0.0,0.0
/eos/user/t/tchatzis/reco2pico/CMSSW_15_0_4/src/Reco2Pico/PicoProducer/python/workflows/test_pico_pfoffset.root,ZeroBias,8,45.0,PV_npvs,puppi_pt,HFHadron,-1.5,0.0,0,nan,nan,0.0,0.0,0.0,0.0,0.0,0.0,0.0
/eos/user/t/tchatzis/reco2pico/CMSSW_15_0_4/src/Reco2Pico/PicoProducer/python/workflows/test_pico_pfoffset.root,ZeroBias,8,45.0,PV_npvs,pt,HFHadron,0.0,1.5,0,nan,nan,0.0,0.0,0.0,0.0,0.0,0.0,0.0
/eos/user/t/tchatzis/reco2pico/CMSSW_15_0_4/src/Reco2Pico/PicoProducer/python/workflows/test_pico_pfoffset.root,ZeroBias,8,45.0,PV_npvs,puppi_pt,HFHadron,0.0,1.5,0,nan,nan,0.0,0.0,0.0,0.0,0.0,0.0,0.0
/eos/user/t/tchatzis/reco2pico/CMSSW_15_0_4/src/Reco2Pico/PicoProducer/python/workflows/test_pico_pfoffset.root,ZeroBias,8,45.0,PV_npvs,pt,HFHadron,1.5,2.5,0,nan,nan,0.0,0.0,0.0,0.0,0.0,0.0,0.0
/eos/user/t/tchatzis/reco2pico/CMSSW_15_0_4/src/Reco2Pico/PicoProducer/python/workflows/test_pico_pfoffset.root,ZeroBias,8,45.0,PV_npvs,puppi_pt,HFHadron,1.5,2.5,0,nan,nan,0.0,0.0,0.0,0.0,0.0,0.0,0.0
/eos/user/t/tchatzis/reco2pico/CMSSW_15_0_4/src/Reco2Pico/PicoProducer/python/workflows/test_pico_pfoffset.root,ZeroBias,8,45.0,PV_npvs,pt,HFHadron,2.5,3.0,4,0.71875,0.2981060004427955,0.3,0.375,0.75,1.0,1.075,1.1,1.12
/eos/user/t/tchatzis/reco2pico/CMSSW_15_0_4/src/Reco2Pico/PicoProducer/python/workflows/test_pico_pfoffset.root,ZeroBias,8,45.0,PV_npvs,puppi_pt,HFHadron,2.5,3.0,4,0.0625,0.0,0.0125,0.03125,0.0625,0.09375,0.1125,0.11875,0.12375
/eos/user/t/tchatzis/reco2pico/CMSSW_15_0_4/src/Reco2Pico/PicoProducer/python/workflows/test_pico_pfoffset.root,ZeroBias,8,45.0,PV_npvs,pt,HFHadron,3.0,5.2,337,2.071772997032641,1.1129036751494026,0.9337500000000001,1.3265625,1.8169642857142856,2.544407894736842,3.4575,4.381249999999999,5.8287499999999985
/eos/user/t/tchatzis/reco2pico/CMSSW_15_0_4/src/Reco2Pico/PicoProducer/python/workflows/test_pico_pfoffset.root,ZeroBias,8,45.0,PV_npvs,puppi_pt,HFHadron,3.0,5.2,337,0.15597181008902078,0.7678260149699775,0.012688253012048192,0.03172063253012048,0.06344126506024096,0.09516189759036144,0.11419427710843373,0.12053840361445782,5.8287499999999985
/eos/user/t/tchatzis/reco2pico/CMSSW_15_0_4/src/Reco2Pico/PicoProducer/python/workflows/test_pico_pfoffset.root,ZeroBias,8,45.0,PV_npvs,pt,HFEM,-5.2,-3.0,43,1.004360465116279,0.6725239022775826,0.3796875,0.48046875,0.7291666666666667,1.40625,1.9875,2.553125,2.69625
/eos/user/t/tchatzis/reco2pico/CMSSW_15_0_4/src/Reco2Pico/PicoProducer/python/workflows/test_pico_pfoffset.root,ZeroBias,8,45.0,PV_npvs,puppi_pt,HFEM,-5.2,-3.0,43,0.0625,0.0,0.0125,0.03125,0.0625,0.09375,0.1125,0.11875,0.12375
/eos/user/t/tchatzis/reco2pico/CMSSW_15_0_4/src/Reco2Pico/PicoProducer/python/workflows/test_pico_pfoffset.root,ZeroBias,8,45.0,PV_npvs,pt,HFEM,-3.0,-2.5,8,0.4375,0.2576941016011038,0.15833333333333333,0.20833333333333331,0.375,0.625,0.9,0.95,0.99
/eos/user/t/tchatzis/reco2pico/CMSSW_15_0_4/src/Reco2Pico/PicoProducer/python/workflows/test_pico_pfoffset.root,ZeroBias,8,45.0,PV_npvs,puppi_pt,HFEM,-3.0,-2.5,7,0.0625,0.0,0.0125,0.03125,0.0625,0.09375,0.1125,0.11875,0.12375
/eos/user/t/tchatzis/reco2pico/CMSSW_15_0_4/src/Reco2Pico/PicoProducer/python/workflows/test_pico_pfoffset.root,ZeroBias,8,45.0,PV_npvs,pt,HFEM,-2.5,-1.5,0,nan,nan,0.0,0.0,0.0,0.0,0.0,0.0,0.0
/eos/user/t/tchatzis/reco2pico/CMSSW_15_0_4/src/Reco2Pico/PicoProducer/python/workflows/test_pico_pfoffset.root,ZeroBias,8,45.0,PV_npvs,puppi_pt,HFEM,-2.5,-1.5,0,nan,nan,0.0,0.0,0.0,0.0,0.0,0.0,0.0
/eos/user/t/tchatzis/reco2pico/CMSSW_15_0_4/src/Reco2Pico/PicoProducer/python/workflows/test_pico_pfoffset.root,ZeroBias,8,45.0,PV_npvs,pt,HFEM,-1.5,0.0,0,nan,nan,0.0,0.0,0.0,0.0,0.0,0.0,0.0
/eos/user/t/tchatzis/reco2pico/CMSSW_15_0_4/src/Reco2Pico/PicoProducer/python/workflows/test_pico_pfoffset.root,ZeroBias,8,45.0,PV_npvs,puppi_pt,HFEM,-1.5,0.0,0,nan,nan,0.0,0.0,0.0,0.0,0.0,0.0,0.0
/eos/user/t/tchatzis/reco2pico/CMSSW_15_0_4/src/Reco2Pico/PicoProducer/python/workflows/test_pico_pfoffset.root,ZeroBias,8,45.0,PV_npvs,pt,HFEM,0.0,1.5,0,nan,nan,0.0,0.0,0.0,0.0,0.0,0.0,0.0
/eos/user/t/tchatzis/reco2pico/CMSSW_15_0_4/src/Reco2Pico/PicoProducer/python/workflows/test_pico_pfoffset.root,ZeroBias,8,45.0,PV_npvs,puppi_pt,HFEM,0.0,1.5,0,nan,nan,0.0,0.0,0.0,0.0,0.0,0.0,0.0
/eos/user/t/tchatzis/reco2pico/CMSSW_15_0_4/src/Reco2Pico/PicoProducer/python/workflows/test_pico_pfoffset.root,ZeroBias,8,45.0,PV_npvs,pt,HFEM,1.5,2.5,0,nan,nan,0.0,0.0,0.0,0.0,0.0,0.0,0.0
/eos/user/t/tchatzis/reco2pico/CMSSW_15_0_4/src/Reco2Pico/PicoProducer/python/workflows/test_pico_pfoffset.root,ZeroBias,8,45.0,PV_npvs,puppi_pt,HFEM,1.5,2.5,0,nan,nan,0.0,0.0,0.0,0.0,0.0,0.0,0.0
/eos/user/t/tchatzis/reco2pico/CMSSW_15_0_4/src/Reco2Pico/PicoProducer/python/workflows/test_pico_pfoffset.root,ZeroBias,8,45.0,PV_npvs,pt,HFEM,2.5,3.0,8,0.28125,0.08267972847076846,0.15833333333333333,0.20833333333333331,0.28125,0.34375,0.4,0.44999999999999996,0.49
/eos/user/t/tchatzis/reco2pico/CMSSW_15_0_4/src/Reco2Pico/PicoProducer/python/workflows/test_pico_pfoffset.root,ZeroBias,8,45.0,PV_npvs,puppi_pt,HFEM,2.5,3.0,7,0.0625,0.0,0.0125,0.03125,0.0625,0.09375,0.1125,0.11875,0.12375
/eos/user/t/tchatzis/reco2pico/CMSSW_15_0_4/src/Reco2Pico/PicoProducer/python/workflows/test_pico_pfoffset.root,ZeroBias,8,45.0,PV_npvs,pt,HFEM,3.0,5.2,32,0.9753787878787878,0.5369710650505864,0.4075,0.6294642857142857,0.8125,1.359375,1.9625000000000001,2.084375,2.2087499999999998
/eos/user/t/tchatzis/reco2pico/CMSSW_15_0_4/src/Reco2Pico/PicoProducer/python/workflows/test_pico_pfoffset.root,ZeroBias,8,45.0,PV_npvs,puppi_pt,HFEM,3.0,5.2,33,0.0625,0.0,0.0125,0.03125,0.0625,0.09375,0.1125,0.11875,0.12375
/eos/user/t/tchatzis/reco2pico/CMSSW_15_0_4/src/Reco2Pico/PicoProducer/python/workflows/test_pico_pfoffset.root,ZeroBias,8,45.0,PV_npvs,pt,other,-5.2,-3.0,0,nan,nan,0.0,0.0,0.0,0.0,0.0,0.0,0.0
/eos/user/t/tchatzis/reco2pico/CMSSW_15_0_4/src/Reco2Pico/PicoProducer/python/workflows/test_pico_pfoffset.root,ZeroBias,8,45.0,PV_npvs,puppi_pt,other,-5.2,-3.0,0,nan,nan,0.0,0.0,0.0,0.0,0.0,0.0,0.0
/eos/user/t/tchatzis/reco2pico/CMSSW_15_0_4/src/Reco2Pico/PicoProducer/python/workflows/test_pico_pfoffset.root,ZeroBias,8,45.0,PV_npvs,pt,other,-3.0,-2.5,0,nan,nan,0.0,0.0,0.0,0.0,0.0,0.0,0.0
/eos/user/t/tchatzis/reco2pico/CMSSW_15_0_4/src/Reco2Pico/PicoProducer/python/workflows/test_pico_pfoffset.root,ZeroBias,8,45.0,PV_npvs,puppi_pt,other,-3.0,-2.5,0,nan,nan,0.0,0.0,0.0,0.0,0.0,0.0,0.0
/eos/user/t/tchatzis/reco2pico/CMSSW_15_0_4/src/Reco2Pico/PicoProducer/python/workflows/test_pico_pfoffset.root,ZeroBias,8,45.0,PV_npvs,pt,other,-2.5,-1.5,0,nan,nan,0.0,0.0,0.0,0.0,0.0,0.0,0.0
/eos/user/t/tchatzis/reco2pico/CMSSW_15_0_4/src/Reco2Pico/PicoProducer/python/workflows/test_pico_pfoffset.root,ZeroBias,8,45.0,PV_npvs,puppi_pt,other,-2.5,-1.5,0,nan,nan,0.0,0.0,0.0,0.0,0.0,0.0,0.0
/eos/user/t/tchatzis/reco2pico/CMSSW_15_0_4/src/Reco2Pico/PicoProducer/python/workflows/test_pico_pfoffset.root,ZeroBias,8,45.0,PV_npvs,pt,other,-1.5,0.0,0,nan,nan,0.0,0.0,0.0,0.0,0.0,0.0,0.0
/eos/user/t/tchatzis/reco2pico/CMSSW_15_0_4/src/Reco2Pico/PicoProducer/python/workflows/test_pico_pfoffset.root,ZeroBias,8,45.0,PV_npvs,puppi_pt,other,-1.5,0.0,0,nan,nan,0.0,0.0,0.0,0.0,0.0,0.0,0.0
/eos/user/t/tchatzis/reco2pico/CMSSW_15_0_4/src/Reco2Pico/PicoProducer/python/workflows/test_pico_pfoffset.root,ZeroBias,8,45.0,PV_npvs,pt,other,0.0,1.5,0,nan,nan,0.0,0.0,0.0,0.0,0.0,0.0,0.0
/eos/user/t/tchatzis/reco2pico/CMSSW_15_0_4/src/Reco2Pico/PicoProducer/python/workflows/test_pico_pfoffset.root,ZeroBias,8,45.0,PV_npvs,puppi_pt,other,0.0,1.5,0,nan,nan,0.0,0.0,0.0,0.0,0.0,0.0,0.0
/eos/user/t/tchatzis/reco2pico/CMSSW_15_0_4/src/Reco2Pico/PicoProducer/python/workflows/test_pico_pfoffset.root,ZeroBias,8,45.0,PV_npvs,pt,other,1.5,2.5,0,nan,nan,0.0,0.0,0.0,0.0,0.0,0.0,0.0
/eos/user/t/tchatzis/reco2pico/CMSSW_15_0_4/src/Reco2Pico/PicoProducer/python/workflows/test_pico_pfoffset.root,ZeroBias,8,45.0,PV_npvs,puppi_pt,other,1.5,2.5,0,nan,nan,0.0,0.0,0.0,0.0,0.0,0.0,0.0
/eos/user/t/tchatzis/reco2pico/CMSSW_15_0_4/src/Reco2Pico/PicoProducer/python/workflows/test_pico_pfoffset.root,ZeroBias,8,45.0,PV_npvs,pt,other,2.5,3.0,0,nan,nan,0.0,0.0,0.0,0.0,0.0,0.0,0.0
/eos/user/t/tchatzis/reco2pico/CMSSW_15_0_4/src/Reco2Pico/PicoProducer/python/workflows/test_pico_pfoffset.root,ZeroBias,8,45.0,PV_npvs,puppi_pt,other,2.5,3.0,0,nan,nan,0.0,0.0,0.0,0.0,0.0,0.0,0.0
/eos/user/t/tchatzis/reco2pico/CMSSW_15_0_4/src/Reco2Pico/PicoProducer/python/workflows/test_pico_pfoffset.root,ZeroBias,8,45.0,PV_npvs,pt,other,3.0,5.2,0,nan,nan,0.0,0.0,0.0,0.0,0.0,0.0,0.0
/eos/user/t/tchatzis/reco2pico/CMSSW_15_0_4/src/Reco2Pico/PicoProducer/python/workflows/test_pico_pfoffset.root,ZeroBias,8,45.0,PV_npvs,puppi_pt,other,3.0,5.2,0,nan,nan,0.0,0.0,0.0,0.0,0.0,0.0,0.0
